{
  "Update Booking" : {
    "transaction" : "Update Booking",
    "sampleCount" : 500,
    "errorCount" : 0,
    "errorPct" : 0.0,
    "meanResTime" : 171.02,
    "medianResTime" : 164.0,
    "minResTime" : 136.0,
    "maxResTime" : 328.0,
    "pct1ResTime" : 200.0,
    "pct2ResTime" : 206.95,
    "pct3ResTime" : 245.93000000000006,
    "throughput" : 4.861070602189426,
    "receivedKBytesPerSec" : 82.6140847697797,
    "sentKBytesPerSec" : 2.383063908495207
  },
  "Delete Booking-0" : {
    "transaction" : "Delete Booking-0",
    "sampleCount" : 500,
    "errorCount" : 0,
    "errorPct" : 0.0,
    "meanResTime" : 0.45199999999999996,
    "medianResTime" : 0.0,
    "minResTime" : 0.0,
    "maxResTime" : 3.0,
    "pct1ResTime" : 1.0,
    "pct2ResTime" : 1.0,
    "pct3ResTime" : 1.0,
    "throughput" : 4.864949015334319,
    "receivedKBytesPerSec" : 77.15866149441504,
    "sentKBytesPerSec" : 0.0
  },
  "Delete Booking" : {
    "transaction" : "Delete Booking",
    "sampleCount" : 500,
    "errorCount" : 0,
    "errorPct" : 0.0,
    "meanResTime" : 169.46399999999983,
    "medianResTime" : 161.0,
    "minResTime" : 137.0,
    "maxResTime" : 324.0,
    "pct1ResTime" : 199.0,
    "pct2ResTime" : 204.95,
    "pct3ResTime" : 278.6400000000003,
    "throughput" : 4.857906242409522,
    "receivedKBytesPerSec" : 80.62427890454214,
    "sentKBytesPerSec" : 1.3188456400291475
  },
  "Create Booking-0" : {
    "transaction" : "Create Booking-0",
    "sampleCount" : 500,
    "errorCount" : 0,
    "errorPct" : 0.0,
    "meanResTime" : 0.6119999999999992,
    "medianResTime" : 1.0,
    "minResTime" : 0.0,
    "maxResTime" : 6.0,
    "pct1ResTime" : 1.0,
    "pct2ResTime" : 1.0,
    "pct3ResTime" : 2.0,
    "throughput" : 4.870208931963181,
    "receivedKBytesPerSec" : 78.31657423415965,
    "sentKBytesPerSec" : 0.0
  },
  "Authentication" : {
    "transaction" : "Authentication",
    "sampleCount" : 500,
    "errorCount" : 0,
    "errorPct" : 0.0,
    "meanResTime" : 220.60799999999998,
    "medianResTime" : 162.0,
    "minResTime" : 132.0,
    "maxResTime" : 1941.0,
    "pct1ResTime" : 542.1000000000099,
    "pct2ResTime" : 665.95,
    "pct3ResTime" : 740.99,
    "throughput" : 4.776735387966448,
    "receivedKBytesPerSec" : 21.52012587891931,
    "sentKBytesPerSec" : 1.1195473565546363
  },
  "Authentication-0" : {
    "transaction" : "Authentication-0",
    "sampleCount" : 500,
    "errorCount" : 0,
    "errorPct" : 0.0,
    "meanResTime" : 0.196,
    "medianResTime" : 0.0,
    "minResTime" : 0.0,
    "maxResTime" : 4.0,
    "pct1ResTime" : 1.0,
    "pct2ResTime" : 1.0,
    "pct3ResTime" : 1.0,
    "throughput" : 4.866795798981866,
    "receivedKBytesPerSec" : 18.232423871146715,
    "sentKBytesPerSec" : 0.0
  },
  "Total" : {
    "transaction" : "Total",
    "sampleCount" : 4000,
    "errorCount" : 0,
    "errorPct" : 0.0,
    "meanResTime" : 91.65524999999994,
    "medianResTime" : 69.0,
    "minResTime" : 0.0,
    "maxResTime" : 1941.0,
    "pct1ResTime" : 193.0,
    "pct2ResTime" : 202.0,
    "pct3ResTime" : 625.9799999999996,
    "throughput" : 37.988869261306434,
    "receivedKBytesPerSec" : 507.56917090479993,
    "sentKBytesPerSec" : 7.002342844796475
  },
  "Create Booking" : {
    "transaction" : "Create Booking",
    "sampleCount" : 500,
    "errorCount" : 0,
    "errorPct" : 0.0,
    "meanResTime" : 170.238,
    "medianResTime" : 163.0,
    "minResTime" : 140.0,
    "maxResTime" : 265.0,
    "pct1ResTime" : 201.0,
    "pct2ResTime" : 206.0,
    "pct3ResTime" : 227.9000000000001,
    "throughput" : 4.857859044361969,
    "receivedKBytesPerSec" : 82.67802838932825,
    "sentKBytesPerSec" : 2.32456145677477
  },
  "Update Booking-0" : {
    "transaction" : "Update Booking-0",
    "sampleCount" : 500,
    "errorCount" : 0,
    "errorPct" : 0.0,
    "meanResTime" : 0.6520000000000006,
    "medianResTime" : 1.0,
    "minResTime" : 0.0,
    "maxResTime" : 4.0,
    "pct1ResTime" : 1.0,
    "pct2ResTime" : 1.0,
    "pct3ResTime" : 1.990000000000009,
    "throughput" : 4.868312156175454,
    "receivedKBytesPerSec" : 78.30508951608978,
    "sentKBytesPerSec" : 0.0
  }
}